id,sku,name
1,COM001,Compact Compactor 001
2,CON002,Electric Concrete Mixer 002
3,LOA003,Compact Loader 003
4,BUL004,Heavy Duty Bulldozer 004
5,SKI005,All-Terrain Skid Steer 005
6,BUL006,Standard Bulldozer 006
7,GRA007,Standard Grader 007
8,CRA008,All-Terrain Crane 008
9,CRA009,All-Terrain Crane 009
10,PAV010,Standard Paver 010
11,SCI011,Standard Scissor Lift 011
12,DUM012,Heavy Duty Dump Truck 012
13,CON013,Compact Concrete Mixer 013
14,BAC014,Hydraulic Backhoe 014
15,FOR015,All-Terrain Forklift 015
16,EXC016,Compact Excavator 016
17,PAV017,Heavy Duty Paver 017
18,BUL018,Hydraulic Bulldozer 018
19,CRA019,Hydraulic Crane 019
20,COM020,Compact Compactor 020
21,BUL021,Electric Bulldozer 021
22,CON022,Wheeled Concrete Mixer 022
23,DRI023,Standard Drill Rig 023
24,LOA024,Hydraulic Loader 024
25,PAV025,Wheeled Paver 025
26,FOR026,All-Terrain Forklift 026
27,EXC027,Hydraulic Excavator 027
28,PAV028,Electric Paver 028
29,PAV029,Wheeled Paver 029
30,SCI030,Compact Scissor Lift 030
31,CRA031,Heavy Duty Crane 031
32,DRI032,Standard Drill Rig 032
33,COM033,All-Terrain Compactor 033
34,SKI034,Electric Skid Steer 034
35,PAV035,All-Terrain Paver 035
36,CRA036,Wheeled Crane 036
37,CRA037,Electric Crane 037
38,DRI038,Tracked Drill Rig 038
39,BUL039,Hydraulic Bulldozer 039
40,EXC040,Electric Excavator 040
41,DRI041,Heavy Duty Drill Rig 041
42,BAC042,Hydraulic Backhoe 042
43,FOR043,Tracked Forklift 043
44,SKI044,Electric Skid Steer 044
45,DRI045,Heavy Duty Drill Rig 045
46,CON046,Wheeled Concrete Mixer 046
47,BAC047,Electric Backhoe 047
48,FOR048,Compact Forklift 048
49,SCI049,All-Terrain Scissor Lift 049
50,DUM050,Compact Dump Truck 050
51,PAV051,Tracked Paver 051
52,DUM052,Standard Dump Truck 052
53,BUL053,Heavy Duty Bulldozer 053
54,SKI054,Hydraulic Skid Steer 054
55,DRI055,Compact Drill Rig 055
56,SKI056,Hydraulic Skid Steer 056
57,SKI057,Hydraulic Skid Steer 057
58,EXC058,Heavy Duty Excavator 058
59,DRI059,All-Terrain Drill Rig 059
60,BUL060,Tracked Bulldozer 060
61,FOR061,Standard Forklift 061
62,BUL062,Wheeled Bulldozer 062
63,FOR063,Hydraulic Forklift 063
64,PAV064,All-Terrain Paver 064
65,SCI065,Compact Scissor Lift 065
66,PAV066,Wheeled Paver 066
67,BUL067,Electric Bulldozer 067
68,CON068,Standard Concrete Mixer 068
69,LOA069,Wheeled Loader 069
70,CRA070,Electric Crane 070
71,LOA071,Hydraulic Loader 071
72,CON072,All-Terrain Concrete Mixer 072
73,EXC073,All-Terrain Excavator 073
74,CRA074,Hydraulic Crane 074
75,CRA075,Compact Crane 075
76,DUM076,Heavy Duty Dump Truck 076
77,DUM077,Compact Dump Truck 077
78,CON078,Compact Concrete Mixer 078
79,DUM079,Compact Dump Truck 079
80,DUM080,Heavy Duty Dump Truck 080
81,SKI081,Hydraulic Skid Steer 081
82,DRI082,Hydraulic Drill Rig 082
83,SCI083,Wheeled Scissor Lift 083
84,CON084,All-Terrain Concrete Mixer 084
85,PAV085,Compact Paver 085
86,DRI086,Tracked Drill Rig 086
87,SCI087,All-Terrain Scissor Lift 087
88,COM088,Heavy Duty Compactor 088
89,DRI089,Compact Drill Rig 089
90,DRI090,All-Terrain Drill Rig 090
91,FOR091,Electric Forklift 091
92,BUL092,Heavy Duty Bulldozer 092
93,GRA093,Electric Grader 093
94,CRA094,Wheeled Crane 094
95,BUL095,Tracked Bulldozer 095
96,BUL096,All-Terrain Bulldozer 096
97,SCI097,Tracked Scissor Lift 097
98,GRA098,Heavy Duty Grader 098
99,BUL099,Standard Bulldozer 099
100,DUM100,Wheeled Dump Truck 100
101,PAV101,Electric Paver 101
102,BUL102,Wheeled Bulldozer 102
103,SKI103,Electric Skid Steer 103
104,DUM104,Standard Dump Truck 104
105,DUM105,Tracked Dump Truck 105
106,BUL106,Heavy Duty Bulldozer 106
107,DUM107,Wheeled Dump Truck 107
108,CRA108,Compact Crane 108
109,CON109,All-Terrain Concrete Mixer 109
110,DUM110,Compact Dump Truck 110
111,DUM111,Tracked Dump Truck 111
112,DUM112,Compact Dump Truck 112
113,PAV113,Heavy Duty Paver 113
114,PAV114,Electric Paver 114
115,CRA115,Heavy Duty Crane 115
116,LOA116,Wheeled Loader 116
117,EXC117,Tracked Excavator 117
118,BAC118,Tracked Backhoe 118
119,EXC119,Heavy Duty Excavator 119
120,SCI120,Wheeled Scissor Lift 120
121,FOR121,Wheeled Forklift 121
122,BAC122,Tracked Backhoe 122
123,DUM123,Electric Dump Truck 123
124,SKI124,All-Terrain Skid Steer 124
125,SCI125,Electric Scissor Lift 125
126,BAC126,Wheeled Backhoe 126
127,EXC127,Standard Excavator 127
128,CRA128,Electric Crane 128
129,GRA129,Heavy Duty Grader 129
130,COM130,Tracked Compactor 130
131,CRA131,All-Terrain Crane 131
132,CRA132,Heavy Duty Crane 132
133,GRA133,All-Terrain Grader 133
134,SCI134,Tracked Scissor Lift 134
135,GRA135,Heavy Duty Grader 135
136,DUM136,Compact Dump Truck 136
137,GRA137,Standard Grader 137
138,PAV138,Hydraulic Paver 138
139,DUM139,Standard Dump Truck 139
140,GRA140,Electric Grader 140
141,EXC141,Heavy Duty Excavator 141
142,BUL142,Wheeled Bulldozer 142
143,DUM143,Electric Dump Truck 143
144,SKI144,Compact Skid Steer 144
145,BUL145,Standard Bulldozer 145
146,FOR146,Wheeled Forklift 146
147,DRI147,Compact Drill Rig 147
148,CON148,Hydraulic Concrete Mixer 148
149,SCI149,Compact Scissor Lift 149
150,BAC150,Standard Backhoe 150
151,DUM151,Standard Dump Truck 151
152,CRA152,Tracked Crane 152
153,EXC153,All-Terrain Excavator 153
154,PAV154,Heavy Duty Paver 154
155,DRI155,Wheeled Drill Rig 155
156,EXC156,Electric Excavator 156
157,BAC157,Heavy Duty Backhoe 157
158,BAC158,Compact Backhoe 158
159,CON159,Wheeled Concrete Mixer 159
160,CRA160,Electric Crane 160
161,CON161,Wheeled Concrete Mixer 161
162,SKI162,Wheeled Skid Steer 162
163,DUM163,Compact Dump Truck 163
164,GRA164,All-Terrain Grader 164
165,SKI165,Heavy Duty Skid Steer 165
166,GRA166,Electric Grader 166
167,COM167,Electric Compactor 167
168,DUM168,Compact Dump Truck 168
169,PAV169,Wheeled Paver 169
170,CON170,Tracked Concrete Mixer 170
171,SKI171,Tracked Skid Steer 171
172,EXC172,Electric Excavator 172
173,CRA173,All-Terrain Crane 173
174,CON174,Tracked Concrete Mixer 174
175,COM175,Compact Compactor 175
176,GRA176,Heavy Duty Grader 176
177,CON177,Heavy Duty Concrete Mixer 177
178,PAV178,Hydraulic Paver 178
179,COM179,Tracked Compactor 179
180,BUL180,Hydraulic Bulldozer 180
181,BUL181,Heavy Duty Bulldozer 181
182,BUL182,Hydraulic Bulldozer 182
183,DUM183,Tracked Dump Truck 183
184,DRI184,Hydraulic Drill Rig 184
185,GRA185,All-Terrain Grader 185
186,DUM186,All-Terrain Dump Truck 186
187,EXC187,Wheeled Excavator 187
188,BUL188,Tracked Bulldozer 188
189,BAC189,All-Terrain Backhoe 189
190,FOR190,Electric Forklift 190
191,DRI191,Compact Drill Rig 191
192,PAV192,Tracked Paver 192
193,EXC193,Standard Excavator 193
194,CON194,All-Terrain Concrete Mixer 194
195,SKI195,Heavy Duty Skid Steer 195
196,BUL196,Heavy Duty Bulldozer 196
197,LOA197,Tracked Loader 197
198,SKI198,Wheeled Skid Steer 198
199,COM199,Hydraulic Compactor 199
200,GRA200,Compact Grader 200
201,EXC201,Hydraulic Excavator 201
202,CRA202,Standard Crane 202
203,GRA203,Compact Grader 203
204,BAC204,All-Terrain Backhoe 204
205,LOA205,Tracked Loader 205
206,LOA206,Compact Loader 206
207,EXC207,Electric Excavator 207
208,SKI208,Heavy Duty Skid Steer 208
209,SCI209,Electric Scissor Lift 209
210,LOA210,Compact Loader 210
211,DRI211,Electric Drill Rig 211
212,GRA212,Hydraulic Grader 212
213,EXC213,Hydraulic Excavator 213
214,CON214,Electric Concrete Mixer 214
215,CRA215,Heavy Duty Crane 215
216,CRA216,Electric Crane 216
217,GRA217,Heavy Duty Grader 217
218,COM218,Compact Compactor 218
219,COM219,Tracked Compactor 219
220,COM220,Compact Compactor 220
221,CON221,Tracked Concrete Mixer 221
222,GRA222,Hydraulic Grader 222
223,CRA223,Electric Crane 223
224,DUM224,Wheeled Dump Truck 224
225,SKI225,Hydraulic Skid Steer 225
226,EXC226,Tracked Excavator 226
227,SKI227,Electric Skid Steer 227
228,FOR228,Hydraulic Forklift 228
229,EXC229,Hydraulic Excavator 229
230,BAC230,Compact Backhoe 230
231,COM231,Tracked Compactor 231
232,DUM232,Wheeled Dump Truck 232
233,COM233,Electric Compactor 233
234,DRI234,Electric Drill Rig 234
235,PAV235,Heavy Duty Paver 235
236,PAV236,Compact Paver 236
237,DRI237,Electric Drill Rig 237
238,BAC238,Tracked Backhoe 238
239,DUM239,Electric Dump Truck 239
240,BAC240,All-Terrain Backhoe 240
241,COM241,Standard Compactor 241
242,DUM242,Heavy Duty Dump Truck 242
243,CON243,Tracked Concrete Mixer 243
244,COM244,Wheeled Compactor 244
245,BAC245,Standard Backhoe 245
246,LOA246,Wheeled Loader 246
247,CON247,All-Terrain Concrete Mixer 247
248,FOR248,Heavy Duty Forklift 248
249,FOR249,Tracked Forklift 249
250,CRA250,Heavy Duty Crane 250
251,BAC251,All-Terrain Backhoe 251
252,BAC252,Hydraulic Backhoe 252
253,LOA253,Wheeled Loader 253
254,DRI254,Wheeled Drill Rig 254
255,BAC255,Hydraulic Backhoe 255
256,SCI256,Tracked Scissor Lift 256
257,FOR257,Tracked Forklift 257
258,DRI258,Heavy Duty Drill Rig 258
259,PAV259,Electric Paver 259
260,LOA260,Standard Loader 260
261,DUM261,Hydraulic Dump Truck 261
262,DUM262,Hydraulic Dump Truck 262
263,GRA263,Wheeled Grader 263
264,GRA264,All-Terrain Grader 264
265,DUM265,Tracked Dump Truck 265
266,BUL266,Compact Bulldozer 266
267,LOA267,Wheeled Loader 267
268,GRA268,Tracked Grader 268
269,GRA269,Tracked Grader 269
270,PAV270,Heavy Duty Paver 270
271,FOR271,Electric Forklift 271
272,FOR272,Electric Forklift 272
273,SCI273,Wheeled Scissor Lift 273
274,LOA274,All-Terrain Loader 274
275,CRA275,All-Terrain Crane 275
276,CRA276,Hydraulic Crane 276
277,LOA277,All-Terrain Loader 277
278,CRA278,Electric Crane 278
279,EXC279,Heavy Duty Excavator 279
280,EXC280,All-Terrain Excavator 280
281,BUL281,Electric Bulldozer 281
282,SCI282,Compact Scissor Lift 282
283,EXC283,Compact Excavator 283
284,EXC284,Hydraulic Excavator 284
285,BUL285,Electric Bulldozer 285
286,SCI286,Standard Scissor Lift 286
287,EXC287,Standard Excavator 287
288,GRA288,All-Terrain Grader 288
289,BUL289,Standard Bulldozer 289
290,SCI290,Compact Scissor Lift 290
291,SKI291,Electric Skid Steer 291
292,GRA292,Standard Grader 292
293,SCI293,Wheeled Scissor Lift 293
294,CRA294,Wheeled Crane 294
295,BUL295,All-Terrain Bulldozer 295
296,SCI296,Heavy Duty Scissor Lift 296
297,BUL297,All-Terrain Bulldozer 297
298,CON298,Heavy Duty Concrete Mixer 298
299,PAV299,Compact Paver 299
300,GRA300,Hydraulic Grader 300
301,PAV301,All-Terrain Paver 301
302,LOA302,Compact Loader 302
303,DUM303,Standard Dump Truck 303
304,LOA304,Compact Loader 304
305,CON305,Wheeled Concrete Mixer 305
306,SKI306,Wheeled Skid Steer 306
307,EXC307,Electric Excavator 307
308,DUM308,Hydraulic Dump Truck 308
309,BUL309,Heavy Duty Bulldozer 309
310,GRA310,Tracked Grader 310
311,BAC311,Hydraulic Backhoe 311
312,BUL312,Wheeled Bulldozer 312
313,PAV313,Standard Paver 313
314,BAC314,Standard Backhoe 314
315,SCI315,Standard Scissor Lift 315
316,BAC316,All-Terrain Backhoe 316
317,SCI317,Electric Scissor Lift 317
318,DUM318,Tracked Dump Truck 318
319,DRI319,Heavy Duty Drill Rig 319
320,BAC320,Tracked Backhoe 320
321,SKI321,Compact Skid Steer 321
322,COM322,Electric Compactor 322
323,DUM323,Heavy Duty Dump Truck 323
324,PAV324,Standard Paver 324
325,DRI325,Compact Drill Rig 325
326,DUM326,All-Terrain Dump Truck 326
327,CRA327,All-Terrain Crane 327
328,PAV328,Heavy Duty Paver 328
329,CON329,Compact Concrete Mixer 329
330,COM330,Hydraulic Compactor 330
331,EXC331,Tracked Excavator 331
332,CRA332,Compact Crane 332
333,GRA333,Tracked Grader 333
334,EXC334,Wheeled Excavator 334
335,COM335,Tracked Compactor 335
336,SCI336,Hydraulic Scissor Lift 336
337,SKI337,Tracked Skid Steer 337
338,SCI338,Wheeled Scissor Lift 338
339,EXC339,Wheeled Excavator 339
340,BUL340,Tracked Bulldozer 340
341,PAV341,Compact Paver 341
342,FOR342,Hydraulic Forklift 342
343,CRA343,Hydraulic Crane 343
344,CRA344,Compact Crane 344
345,EXC345,Wheeled Excavator 345
346,LOA346,Standard Loader 346
347,SKI347,Tracked Skid Steer 347
348,CON348,Standard Concrete Mixer 348
349,DUM349,Electric Dump Truck 349
350,COM350,Heavy Duty Compactor 350
351,DUM351,Compact Dump Truck 351
352,CRA352,Standard Crane 352
353,GRA353,Compact Grader 353
354,EXC354,Compact Excavator 354
355,COM355,Wheeled Compactor 355
356,DUM356,Compact Dump Truck 356
357,PAV357,Standard Paver 357
358,BAC358,Hydraulic Backhoe 358
359,EXC359,Electric Excavator 359
360,COM360,Compact Compactor 360
361,BAC361,All-Terrain Backhoe 361
362,FOR362,Heavy Duty Forklift 362
363,LOA363,Compact Loader 363
364,DRI364,Compact Drill Rig 364
365,BAC365,Electric Backhoe 365
366,EXC366,Standard Excavator 366
367,EXC367,All-Terrain Excavator 367
368,DRI368,All-Terrain Drill Rig 368
369,SKI369,Standard Skid Steer 369
370,BUL370,Standard Bulldozer 370
371,COM371,Electric Compactor 371
372,GRA372,Heavy Duty Grader 372
373,GRA373,Tracked Grader 373
374,GRA374,Electric Grader 374
375,GRA375,Standard Grader 375
376,PAV376,All-Terrain Paver 376
377,FOR377,All-Terrain Forklift 377
378,LOA378,Compact Loader 378
379,SKI379,Standard Skid Steer 379
380,COM380,All-Terrain Compactor 380
381,DRI381,Compact Drill Rig 381
382,SCI382,Electric Scissor Lift 382
383,DRI383,All-Terrain Drill Rig 383
384,BAC384,Heavy Duty Backhoe 384
385,COM385,Hydraulic Compactor 385
386,EXC386,All-Terrain Excavator 386
387,GRA387,Tracked Grader 387
388,FOR388,Electric Forklift 388
389,GRA389,Compact Grader 389
390,CON390,All-Terrain Concrete Mixer 390
391,SCI391,Compact Scissor Lift 391
392,FOR392,Electric Forklift 392
393,PAV393,Heavy Duty Paver 393
394,FOR394,Heavy Duty Forklift 394
395,LOA395,All-Terrain Loader 395
396,DUM396,Wheeled Dump Truck 396
397,CRA397,Wheeled Crane 397
398,CRA398,Standard Crane 398
399,LOA399,Wheeled Loader 399
400,CRA400,Electric Crane 400
401,CRA401,Wheeled Crane 401
402,GRA402,Electric Grader 402
403,CRA403,Hydraulic Crane 403
404,CRA404,Compact Crane 404
405,COM405,All-Terrain Compactor 405
406,FOR406,Hydraulic Forklift 406
407,COM407,Wheeled Compactor 407
408,DRI408,Hydraulic Drill Rig 408
409,FOR409,Tracked Forklift 409
410,BAC410,Compact Backhoe 410
411,BUL411,Heavy Duty Bulldozer 411
412,BAC412,All-Terrain Backhoe 412
413,DUM413,Tracked Dump Truck 413
414,SKI414,Electric Skid Steer 414
415,SCI415,Hydraulic Scissor Lift 415
416,GRA416,Hydraulic Grader 416
417,COM417,Standard Compactor 417
418,LOA418,Compact Loader 418
419,COM419,Heavy Duty Compactor 419
420,COM420,Standard Compactor 420
421,EXC421,All-Terrain Excavator 421
422,PAV422,Compact Paver 422
423,SKI423,Heavy Duty Skid Steer 423
424,CON424,Compact Concrete Mixer 424
425,LOA425,Tracked Loader 425
426,CON426,Wheeled Concrete Mixer 426
427,BUL427,Heavy Duty Bulldozer 427
428,BUL428,Compact Bulldozer 428
429,PAV429,Standard Paver 429
430,CON430,All-Terrain Concrete Mixer 430
431,COM431,All-Terrain Compactor 431
432,SKI432,All-Terrain Skid Steer 432
433,SKI433,Electric Skid Steer 433
434,SKI434,Heavy Duty Skid Steer 434
435,EXC435,Tracked Excavator 435
436,SCI436,Tracked Scissor Lift 436
437,GRA437,Standard Grader 437
438,LOA438,All-Terrain Loader 438
439,FOR439,All-Terrain Forklift 439
440,DRI440,Electric Drill Rig 440
441,FOR441,Hydraulic Forklift 441
442,DUM442,Hydraulic Dump Truck 442
443,PAV443,Hydraulic Paver 443
444,DRI444,Compact Drill Rig 444
445,DRI445,Standard Drill Rig 445
446,CRA446,Heavy Duty Crane 446
447,CON447,Hydraulic Concrete Mixer 447
448,COM448,All-Terrain Compactor 448
449,GRA449,Wheeled Grader 449
450,GRA450,Electric Grader 450
451,FOR451,Compact Forklift 451
452,LOA452,Electric Loader 452
453,COM453,Heavy Duty Compactor 453
454,CON454,Tracked Concrete Mixer 454
455,PAV455,Heavy Duty Paver 455
456,FOR456,Hydraulic Forklift 456
457,CON457,All-Terrain Concrete Mixer 457
458,DRI458,Tracked Drill Rig 458
459,DRI459,Electric Drill Rig 459
460,CRA460,Electric Crane 460
461,DUM461,Heavy Duty Dump Truck 461
462,CON462,All-Terrain Concrete Mixer 462
463,DRI463,All-Terrain Drill Rig 463
464,PAV464,Hydraulic Paver 464
465,GRA465,Compact Grader 465
466,DRI466,Compact Drill Rig 466
467,SKI467,Standard Skid Steer 467
468,COM468,Compact Compactor 468
469,PAV469,Electric Paver 469
470,GRA470,Heavy Duty Grader 470
471,CON471,Tracked Concrete Mixer 471
472,PAV472,Electric Paver 472
473,GRA473,Tracked Grader 473
474,LOA474,All-Terrain Loader 474
475,DRI475,Wheeled Drill Rig 475
476,BAC476,Compact Backhoe 476
477,CON477,Compact Concrete Mixer 477
478,BAC478,Compact Backhoe 478
479,GRA479,All-Terrain Grader 479
480,SCI480,Compact Scissor Lift 480
481,GRA481,Heavy Duty Grader 481
482,EXC482,Heavy Duty Excavator 482
483,CON483,Tracked Concrete Mixer 483
484,BAC484,Tracked Backhoe 484
485,DRI485,Compact Drill Rig 485
486,COM486,Hydraulic Compactor 486
487,SCI487,Heavy Duty Scissor Lift 487
488,SKI488,Heavy Duty Skid Steer 488
489,COM489,Hydraulic Compactor 489
490,SKI490,Compact Skid Steer 490
491,FOR491,All-Terrain Forklift 491
492,PAV492,Tracked Paver 492
493,CON493,Compact Concrete Mixer 493
494,PAV494,Hydraulic Paver 494
495,CON495,Wheeled Concrete Mixer 495
496,EXC496,Hydraulic Excavator 496
497,SKI497,Wheeled Skid Steer 497
498,EXC498,Compact Excavator 498
499,GRA499,All-Terrain Grader 499
500,EXC500,Tracked Excavator 500
501,FOR501,Heavy Duty Forklift 501
502,DRI502,Compact Drill Rig 502
503,DUM503,Heavy Duty Dump Truck 503
504,LOA504,All-Terrain Loader 504
505,COM505,Compact Compactor 505
506,EXC506,Hydraulic Excavator 506
507,COM507,Standard Compactor 507
508,BUL508,Wheeled Bulldozer 508
509,CON509,Heavy Duty Concrete Mixer 509
510,GRA510,Electric Grader 510
511,COM511,Heavy Duty Compactor 511
512,CRA512,Compact Crane 512
513,DRI513,Hydraulic Drill Rig 513
514,GRA514,Electric Grader 514
515,CRA515,Wheeled Crane 515
516,COM516,Compact Compactor 516
517,BAC517,Wheeled Backhoe 517
518,CRA518,Standard Crane 518
519,EXC519,Compact Excavator 519
520,CON520,Compact Concrete Mixer 520
521,CON521,Hydraulic Concrete Mixer 521
522,COM522,Standard Compactor 522
523,SKI523,Heavy Duty Skid Steer 523
524,COM524,Tracked Compactor 524
525,DRI525,Standard Drill Rig 525
526,GRA526,Standard Grader 526
527,COM527,All-Terrain Compactor 527
528,DRI528,Electric Drill Rig 528
529,DUM529,Tracked Dump Truck 529
530,SCI530,All-Terrain Scissor Lift 530
531,EXC531,Compact Excavator 531
532,FOR532,Tracked Forklift 532
533,GRA533,Heavy Duty Grader 533
534,DUM534,Heavy Duty Dump Truck 534
535,LOA535,Wheeled Loader 535
536,SCI536,Electric Scissor Lift 536
537,COM537,All-Terrain Compactor 537
538,SKI538,Hydraulic Skid Steer 538
539,DRI539,Heavy Duty Drill Rig 539
540,BAC540,Heavy Duty Backhoe 540
541,DUM541,Standard Dump Truck 541
542,PAV542,Electric Paver 542
543,FOR543,Electric Forklift 543
544,EXC544,Compact Excavator 544
545,DUM545,Electric Dump Truck 545
546,EXC546,Electric Excavator 546
547,SCI547,Compact Scissor Lift 547
548,SKI548,Wheeled Skid Steer 548
549,FOR549,Heavy Duty Forklift 549
550,CON550,Compact Concrete Mixer 550
551,FOR551,Compact Forklift 551
552,BAC552,Electric Backhoe 552
553,FOR553,Compact Forklift 553
554,DUM554,Compact Dump Truck 554
555,EXC555,Wheeled Excavator 555
556,BUL556,Heavy Duty Bulldozer 556
557,CRA557,Standard Crane 557
558,SKI558,All-Terrain Skid Steer 558
559,COM559,Electric Compactor 559
560,CON560,Compact Concrete Mixer 560
561,LOA561,Wheeled Loader 561
562,CRA562,Tracked Crane 562
563,COM563,Heavy Duty Compactor 563
564,CON564,Tracked Concrete Mixer 564
565,CRA565,Compact Crane 565
566,CRA566,Tracked Crane 566
567,CON567,Hydraulic Concrete Mixer 567
568,FOR568,Heavy Duty Forklift 568
569,GRA569,Tracked Grader 569
570,LOA570,Heavy Duty Loader 570
571,PAV571,Compact Paver 571
572,FOR572,Standard Forklift 572
573,BAC573,Wheeled Backhoe 573
574,BAC574,Hydraulic Backhoe 574
575,SCI575,Heavy Duty Scissor Lift 575
576,PAV576,All-Terrain Paver 576
577,DUM577,Hydraulic Dump Truck 577
578,DRI578,All-Terrain Drill Rig 578
579,SKI579,Heavy Duty Skid Steer 579
580,EXC580,Tracked Excavator 580
581,BUL581,Tracked Bulldozer 581
582,SKI582,Electric Skid Steer 582
583,BAC583,All-Terrain Backhoe 583
584,SCI584,Compact Scissor Lift 584
585,BAC585,Standard Backhoe 585
586,FOR586,Wheeled Forklift 586
587,SKI587,Compact Skid Steer 587
588,PAV588,Wheeled Paver 588
589,GRA589,Hydraulic Grader 589
590,EXC590,All-Terrain Excavator 590
591,SCI591,Tracked Scissor Lift 591
592,GRA592,Wheeled Grader 592
593,SKI593,Standard Skid Steer 593
594,LOA594,Standard Loader 594
595,PAV595,Compact Paver 595
596,CRA596,All-Terrain Crane 596
597,CRA597,Wheeled Crane 597
598,SKI598,Hydraulic Skid Steer 598
599,DRI599,Standard Drill Rig 599
600,LOA600,Standard Loader 600
601,EXC601,Heavy Duty Excavator 601
602,BAC602,Standard Backhoe 602
603,FOR603,Standard Forklift 603
604,SCI604,All-Terrain Scissor Lift 604
605,COM605,Hydraulic Compactor 605
606,BUL606,Heavy Duty Bulldozer 606
607,EXC607,All-Terrain Excavator 607
608,GRA608,Standard Grader 608
609,LOA609,Electric Loader 609
610,EXC610,All-Terrain Excavator 610
611,CRA611,Hydraulic Crane 611
612,SCI612,Wheeled Scissor Lift 612
613,DRI613,All-Terrain Drill Rig 613
614,EXC614,Heavy Duty Excavator 614
615,SKI615,Electric Skid Steer 615
616,SKI616,Heavy Duty Skid Steer 616
617,FOR617,Compact Forklift 617
618,EXC618,All-Terrain Excavator 618
619,CON619,Wheeled Concrete Mixer 619
620,FOR620,Tracked Forklift 620
621,SCI621,Tracked Scissor Lift 621
622,SCI622,Wheeled Scissor Lift 622
623,CON623,Hydraulic Concrete Mixer 623
624,EXC624,Electric Excavator 624
625,DRI625,Standard Drill Rig 625
626,CRA626,Electric Crane 626
627,DUM627,All-Terrain Dump Truck 627
628,PAV628,Hydraulic Paver 628
629,DUM629,All-Terrain Dump Truck 629
630,FOR630,Hydraulic Forklift 630
631,DUM631,Electric Dump Truck 631
632,COM632,All-Terrain Compactor 632
633,CON633,Standard Concrete Mixer 633
634,COM634,Tracked Compactor 634
635,BUL635,Standard Bulldozer 635
636,BUL636,Wheeled Bulldozer 636
637,DUM637,Tracked Dump Truck 637
638,COM638,Wheeled Compactor 638
639,FOR639,Wheeled Forklift 639
640,LOA640,Electric Loader 640
641,BAC641,Hydraulic Backhoe 641
642,EXC642,Electric Excavator 642
643,LOA643,Hydraulic Loader 643
644,FOR644,Compact Forklift 644
645,COM645,Wheeled Compactor 645
646,DUM646,Electric Dump Truck 646
647,CON647,All-Terrain Concrete Mixer 647
648,FOR648,Tracked Forklift 648
649,BAC649,Standard Backhoe 649
650,BUL650,Tracked Bulldozer 650
651,FOR651,Tracked Forklift 651
652,SKI652,Hydraulic Skid Steer 652
653,DUM653,All-Terrain Dump Truck 653
654,SKI654,Heavy Duty Skid Steer 654
655,PAV655,Compact Paver 655
656,SCI656,Compact Scissor Lift 656
657,LOA657,Compact Loader 657
658,PAV658,Heavy Duty Paver 658
659,EXC659,Hydraulic Excavator 659
660,SCI660,Compact Scissor Lift 660
661,DUM661,Compact Dump Truck 661
662,DUM662,Wheeled Dump Truck 662
663,COM663,Tracked Compactor 663
664,DRI664,Standard Drill Rig 664
665,COM665,Wheeled Compactor 665
666,DUM666,Hydraulic Dump Truck 666
667,BAC667,Standard Backhoe 667
668,CON668,Wheeled Concrete Mixer 668
669,CON669,Wheeled Concrete Mixer 669
670,SCI670,Hydraulic Scissor Lift 670
671,SKI671,Tracked Skid Steer 671
672,LOA672,Standard Loader 672
673,LOA673,Heavy Duty Loader 673
674,CON674,Tracked Concrete Mixer 674
675,PAV675,Compact Paver 675
676,CON676,Heavy Duty Concrete Mixer 676
677,PAV677,Standard Paver 677
678,GRA678,Hydraulic Grader 678
679,COM679,Electric Compactor 679
680,LOA680,Tracked Loader 680
681,DUM681,All-Terrain Dump Truck 681
682,SKI682,Compact Skid Steer 682
683,CON683,Compact Concrete Mixer 683
684,BAC684,Wheeled Backhoe 684
685,GRA685,Wheeled Grader 685
686,DRI686,Wheeled Drill Rig 686
687,BAC687,All-Terrain Backhoe 687
688,DRI688,Hydraulic Drill Rig 688
689,SCI689,All-Terrain Scissor Lift 689
690,DRI690,Electric Drill Rig 690
691,SKI691,Heavy Duty Skid Steer 691
692,GRA692,Electric Grader 692
693,EXC693,Wheeled Excavator 693
694,FOR694,Hydraulic Forklift 694
695,CON695,Tracked Concrete Mixer 695
696,PAV696,Tracked Paver 696
697,DUM697,Wheeled Dump Truck 697
698,SKI698,Standard Skid Steer 698
699,COM699,Standard Compactor 699
700,FOR700,Compact Forklift 700
701,LOA701,Standard Loader 701
702,CON702,Heavy Duty Concrete Mixer 702
703,BAC703,Standard Backhoe 703
704,BUL704,Hydraulic Bulldozer 704
705,CON705,Wheeled Concrete Mixer 705
706,COM706,All-Terrain Compactor 706
707,DUM707,Tracked Dump Truck 707
708,SCI708,Hydraulic Scissor Lift 708
709,GRA709,Tracked Grader 709
710,FOR710,Standard Forklift 710
711,CRA711,Compact Crane 711
712,DUM712,Wheeled Dump Truck 712
713,BUL713,Tracked Bulldozer 713
714,CON714,Compact Concrete Mixer 714
715,DRI715,Electric Drill Rig 715
716,LOA716,Heavy Duty Loader 716
717,COM717,Hydraulic Compactor 717
718,CON718,Wheeled Concrete Mixer 718
719,BUL719,Tracked Bulldozer 719
720,FOR720,Wheeled Forklift 720
721,COM721,Standard Compactor 721
722,LOA722,Compact Loader 722
723,SKI723,Hydraulic Skid Steer 723
724,FOR724,Tracked Forklift 724
725,DUM725,Compact Dump Truck 725
726,DUM726,Tracked Dump Truck 726
727,SCI727,Wheeled Scissor Lift 727
728,BUL728,Compact Bulldozer 728
729,GRA729,Compact Grader 729
730,CON730,Wheeled Concrete Mixer 730
731,CON731,All-Terrain Concrete Mixer 731
732,CRA732,Wheeled Crane 732
733,PAV733,Electric Paver 733
734,EXC734,Heavy Duty Excavator 734
735,LOA735,Tracked Loader 735
736,BAC736,Hydraulic Backhoe 736
737,DRI737,Wheeled Drill Rig 737
738,PAV738,Compact Paver 738
739,BAC739,Compact Backhoe 739
740,BUL740,All-Terrain Bulldozer 740
741,SCI741,Wheeled Scissor Lift 741
742,SKI742,Compact Skid Steer 742
743,BUL743,All-Terrain Bulldozer 743
744,BUL744,Tracked Bulldozer 744
745,BUL745,Electric Bulldozer 745
746,PAV746,Hydraulic Paver 746
747,CRA747,All-Terrain Crane 747
748,CRA748,Standard Crane 748
749,CRA749,Heavy Duty Crane 749
750,SKI750,Hydraulic Skid Steer 750
751,SKI751,Standard Skid Steer 751
752,CON752,Wheeled Concrete Mixer 752
753,SCI753,Electric Scissor Lift 753
754,DRI754,Standard Drill Rig 754
755,FOR755,Heavy Duty Forklift 755
756,COM756,Heavy Duty Compactor 756
757,CON757,Compact Concrete Mixer 757
758,SCI758,Compact Scissor Lift 758
759,DUM759,Tracked Dump Truck 759
760,BAC760,All-Terrain Backhoe 760
761,FOR761,Standard Forklift 761
762,SKI762,Wheeled Skid Steer 762
763,LOA763,Electric Loader 763
764,BAC764,Compact Backhoe 764
765,FOR765,All-Terrain Forklift 765
766,GRA766,All-Terrain Grader 766
767,BUL767,Wheeled Bulldozer 767
768,PAV768,Wheeled Paver 768
769,BUL769,Wheeled Bulldozer 769
770,CON770,Standard Concrete Mixer 770
771,CON771,Hydraulic Concrete Mixer 771
772,LOA772,Heavy Duty Loader 772
773,GRA773,Hydraulic Grader 773
774,SKI774,Tracked Skid Steer 774
775,DUM775,Heavy Duty Dump Truck 775
776,BUL776,Heavy Duty Bulldozer 776
777,SKI777,Standard Skid Steer 777
778,BAC778,Hydraulic Backhoe 778
779,SKI779,Standard Skid Steer 779
780,FOR780,All-Terrain Forklift 780
781,COM781,Wheeled Compactor 781
782,SKI782,Electric Skid Steer 782
783,BUL783,Hydraulic Bulldozer 783
784,DUM784,Tracked Dump Truck 784
785,SKI785,Electric Skid Steer 785
786,BUL786,Wheeled Bulldozer 786
787,BAC787,Heavy Duty Backhoe 787
788,FOR788,Electric Forklift 788
789,PAV789,All-Terrain Paver 789
790,COM790,Wheeled Compactor 790
791,BAC791,Compact Backhoe 791
792,DRI792,Heavy Duty Drill Rig 792
793,SCI793,Wheeled Scissor Lift 793
794,SKI794,All-Terrain Skid Steer 794
795,EXC795,Wheeled Excavator 795
796,DRI796,Hydraulic Drill Rig 796
797,BUL797,Wheeled Bulldozer 797
798,FOR798,Hydraulic Forklift 798
799,DUM799,Electric Dump Truck 799
800,GRA800,Heavy Duty Grader 800
801,LOA801,Heavy Duty Loader 801
802,LOA802,Compact Loader 802
803,SCI803,Wheeled Scissor Lift 803
804,PAV804,Tracked Paver 804
805,COM805,Standard Compactor 805
806,EXC806,Electric Excavator 806
807,GRA807,Hydraulic Grader 807
808,PAV808,Wheeled Paver 808
809,SCI809,Tracked Scissor Lift 809
810,BUL810,Standard Bulldozer 810
811,LOA811,Tracked Loader 811
812,SKI812,Wheeled Skid Steer 812
813,SCI813,Hydraulic Scissor Lift 813
814,SCI814,Hydraulic Scissor Lift 814
815,LOA815,Tracked Loader 815
816,BUL816,Wheeled Bulldozer 816
817,LOA817,Standard Loader 817
818,PAV818,Tracked Paver 818
819,SCI819,Wheeled Scissor Lift 819
820,PAV820,Compact Paver 820
821,BAC821,Compact Backhoe 821
822,SCI822,Heavy Duty Scissor Lift 822
823,COM823,Wheeled Compactor 823
824,SCI824,Standard Scissor Lift 824
825,DRI825,Standard Drill Rig 825
826,CRA826,Wheeled Crane 826
827,DRI827,Wheeled Drill Rig 827
828,PAV828,Heavy Duty Paver 828
829,DRI829,Wheeled Drill Rig 829
830,DRI830,Electric Drill Rig 830
831,FOR831,Compact Forklift 831
832,SCI832,Hydraulic Scissor Lift 832
833,GRA833,Heavy Duty Grader 833
834,BUL834,Electric Bulldozer 834
835,DUM835,Wheeled Dump Truck 835
836,CRA836,All-Terrain Crane 836
837,CON837,Compact Concrete Mixer 837
838,CRA838,Wheeled Crane 838
839,CON839,Heavy Duty Concrete Mixer 839
840,BUL840,Compact Bulldozer 840
841,DRI841,Heavy Duty Drill Rig 841
842,GRA842,Compact Grader 842
843,COM843,Heavy Duty Compactor 843
844,SKI844,Hydraulic Skid Steer 844
845,CRA845,Standard Crane 845
846,CRA846,All-Terrain Crane 846
847,BUL847,Compact Bulldozer 847
848,CON848,Standard Concrete Mixer 848
849,BAC849,Heavy Duty Backhoe 849
850,GRA850,Compact Grader 850
851,FOR851,Standard Forklift 851
852,LOA852,All-Terrain Loader 852
853,CON853,Wheeled Concrete Mixer 853
854,EXC854,Standard Excavator 854
855,SCI855,Compact Scissor Lift 855
856,BAC856,Heavy Duty Backhoe 856
857,DUM857,Hydraulic Dump Truck 857
858,DRI858,Heavy Duty Drill Rig 858
859,COM859,Wheeled Compactor 859
860,CRA860,Wheeled Crane 860
861,FOR861,Heavy Duty Forklift 861
862,SKI862,Compact Skid Steer 862
863,PAV863,Heavy Duty Paver 863
864,COM864,Electric Compactor 864
865,LOA865,Hydraulic Loader 865
866,CON866,Standard Concrete Mixer 866
867,CRA867,Tracked Crane 867
868,GRA868,Standard Grader 868
869,FOR869,Electric Forklift 869
870,LOA870,Standard Loader 870
871,BAC871,Standard Backhoe 871
872,CON872,Tracked Concrete Mixer 872
873,SKI873,Compact Skid Steer 873
874,PAV874,Heavy Duty Paver 874
875,DRI875,Standard Drill Rig 875
876,DRI876,Standard Drill Rig 876
877,CRA877,Heavy Duty Crane 877
878,COM878,Compact Compactor 878
879,SKI879,Compact Skid Steer 879
880,EXC880,All-Terrain Excavator 880
881,CON881,Wheeled Concrete Mixer 881
882,COM882,Electric Compactor 882
883,DUM883,Heavy Duty Dump Truck 883
884,CRA884,Hydraulic Crane 884
885,EXC885,Tracked Excavator 885
886,CON886,Electric Concrete Mixer 886
887,SKI887,Wheeled Skid Steer 887
888,FOR888,Wheeled Forklift 888
889,CRA889,Electric Crane 889
890,DUM890,All-Terrain Dump Truck 890
891,CRA891,All-Terrain Crane 891
892,SKI892,Electric Skid Steer 892
893,DUM893,Electric Dump Truck 893
894,DUM894,Hydraulic Dump Truck 894
895,GRA895,Compact Grader 895
896,CON896,Electric Concrete Mixer 896
897,SCI897,Tracked Scissor Lift 897
898,DRI898,Tracked Drill Rig 898
899,DRI899,Heavy Duty Drill Rig 899
900,EXC900,Hydraulic Excavator 900
901,FOR901,All-Terrain Forklift 901
902,PAV902,All-Terrain Paver 902
903,SKI903,Electric Skid Steer 903
904,DRI904,Compact Drill Rig 904
905,PAV905,Tracked Paver 905
906,BUL906,Tracked Bulldozer 906
907,DRI907,Standard Drill Rig 907
908,LOA908,Wheeled Loader 908
909,BAC909,Electric Backhoe 909
910,SKI910,Electric Skid Steer 910
911,CRA911,Electric Crane 911
912,DUM912,Heavy Duty Dump Truck 912
913,DUM913,All-Terrain Dump Truck 913
914,CON914,Wheeled Concrete Mixer 914
915,BAC915,Hydraulic Backhoe 915
916,LOA916,Standard Loader 916
917,FOR917,All-Terrain Forklift 917
918,LOA918,Hydraulic Loader 918
919,BUL919,Compact Bulldozer 919
920,COM920,All-Terrain Compactor 920
921,PAV921,Compact Paver 921
922,CON922,Heavy Duty Concrete Mixer 922
923,CRA923,Wheeled Crane 923
924,BAC924,Compact Backhoe 924
925,COM925,Heavy Duty Compactor 925
926,DUM926,Compact Dump Truck 926
927,EXC927,Wheeled Excavator 927
928,SKI928,Tracked Skid Steer 928
929,LOA929,Hydraulic Loader 929
930,EXC930,Compact Excavator 930
931,SCI931,Electric Scissor Lift 931
932,SKI932,Standard Skid Steer 932
933,BAC933,Standard Backhoe 933
934,BUL934,Compact Bulldozer 934
935,DUM935,Wheeled Dump Truck 935
936,FOR936,Heavy Duty Forklift 936
937,BAC937,Wheeled Backhoe 937
938,DUM938,Electric Dump Truck 938
939,GRA939,Wheeled Grader 939
940,FOR940,All-Terrain Forklift 940
941,BUL941,Hydraulic Bulldozer 941
942,LOA942,Heavy Duty Loader 942
943,BAC943,Wheeled Backhoe 943
944,CON944,Tracked Concrete Mixer 944
945,DUM945,Hydraulic Dump Truck 945
946,COM946,Tracked Compactor 946
947,LOA947,Wheeled Loader 947
948,PAV948,Electric Paver 948
949,DUM949,Compact Dump Truck 949
950,LOA950,Compact Loader 950
951,FOR951,Electric Forklift 951
952,BAC952,Wheeled Backhoe 952
953,BAC953,Heavy Duty Backhoe 953
954,LOA954,All-Terrain Loader 954
955,PAV955,Standard Paver 955
956,PAV956,Wheeled Paver 956
957,BUL957,Electric Bulldozer 957
958,DRI958,Electric Drill Rig 958
959,FOR959,Standard Forklift 959
960,PAV960,Tracked Paver 960
961,LOA961,Standard Loader 961
962,BUL962,All-Terrain Bulldozer 962
963,SCI963,Wheeled Scissor Lift 963
964,CON964,Hydraulic Concrete Mixer 964
965,SKI965,Wheeled Skid Steer 965
966,CON966,Hydraulic Concrete Mixer 966
967,COM967,Standard Compactor 967
968,SKI968,Tracked Skid Steer 968
969,GRA969,Wheeled Grader 969
970,GRA970,Hydraulic Grader 970
971,LOA971,Wheeled Loader 971
972,DUM972,Tracked Dump Truck 972
973,COM973,Standard Compactor 973
974,COM974,Heavy Duty Compactor 974
975,CON975,Wheeled Concrete Mixer 975
976,LOA976,Heavy Duty Loader 976
977,FOR977,Heavy Duty Forklift 977
978,SCI978,Heavy Duty Scissor Lift 978
979,FOR979,Standard Forklift 979
980,SCI980,Standard Scissor Lift 980
981,LOA981,All-Terrain Loader 981
982,BUL982,Wheeled Bulldozer 982
983,CRA983,Compact Crane 983
984,BAC984,All-Terrain Backhoe 984
985,DUM985,Standard Dump Truck 985
986,GRA986,Compact Grader 986
987,DRI987,Hydraulic Drill Rig 987
988,BAC988,Wheeled Backhoe 988
989,LOA989,Wheeled Loader 989
990,BUL990,Electric Bulldozer 990
991,LOA991,Compact Loader 991
992,FOR992,Electric Forklift 992
993,CRA993,All-Terrain Crane 993
994,DUM994,Heavy Duty Dump Truck 994
995,DUM995,Wheeled Dump Truck 995
996,SKI996,All-Terrain Skid Steer 996
997,LOA997,Standard Loader 997
998,GRA998,Heavy Duty Grader 998
999,BUL999,Hydraulic Bulldozer 999
1000,BUL1000,Tracked Bulldozer 1000
